--
-- 傾印資料表的資料 `course`
--
INSERT INTO `course` (`course_id`, `tid`, `dept_name`, `cname`, `compulsory`, `cgrade`, `credit`, `capicity`) VALUES
('0001', '0001', '資訊系', '資料庫系統', 1, '2', '3', '70'),
('0002', '0002', '資訊系', '機率與統計', 1, '2', '3', '70'),
('0003', '0003', '資訊系', '系統程式', 1, '2', '3', '70'),
('0004', '0004', '外語系', '大學精進英文', 1, '2', '2', '70'),
('0005', '0005', '資訊系', '系統分析與設計', 0, '2', '3', '60'),
('0006', '0003', '資訊系', '互連網路', 0, '2', '3', '60');
--
-- 傾印資料表的資料 `department`
--

INSERT INTO `department` (`dept_name`) VALUES
('外語系'),
('資訊系');
--
-- 傾印資料表的資料 `follows`
--

INSERT INTO `follows` (`sid`, `course_id`) VALUES
('D1149682', '0001'),
('D1149682', '0002');
--
-- 傾印資料表的資料 `location`
--

INSERT INTO `location` (`loc_name`) VALUES
('人言大樓'),
('資電大樓');
--
-- 傾印資料表的資料 `section`
--

INSERT INTO `section` (`sec_id`, `course_id`, `loc_name`, `time_id`) VALUES
('0001', '0001', '資電大樓', '1'),
('0002', '0001', '資電大樓', '2'),
('0003', '0001', '資電大樓', '3'),
('0004', '0002', '資電大樓', '6'),
('0005', '0002', '資電大樓', '7'),
('0006', '0002', '資電大樓', '8'),
('0007', '0003', '資電大樓', '2'),
('0008', '0003', '資電大樓', '3'),
('0009', '0003', '資電大樓', '4'),
('0010', '0004', '人言大樓', '1'),
('0011', '0004', '人言大樓', '2');
--
-- 傾印資料表的資料 `student`
--

INSERT INTO `student` (`sid`, `dept_name`, `sname`, `sgrade`, `password`) VALUES
('D1123794', '資訊系', '楊仁德', '2', 'yangpass'),
('D1149682', '資訊系', '林允勝', '2', 'linpass'),
('D1173566', '資訊系', '蔡耀東', '2', 'tsaipass');
--
-- 傾印資料表的資料 `takes`
--

INSERT INTO `takes` (`sid`, `course_id`) VALUES
('D1123794', '0001'),
('D1123794', '0002'),
('D1123794', '0003'),
('D1123794', '0004'),
('D1149682', '0001'),
('D1149682', '0002'),
('D1149682', '0003'),
('D1149682', '0004'),
('D1173566', '0001'),
('D1173566', '0002'),
('D1173566', '0003'),
('D1173566', '0004');
--
-- 傾印資料表的資料 `teacher`
--

INSERT INTO `teacher` (`tid`, `dept_name`, `tname`) VALUES
('0001', '資訊系', '許懷中'),
('0002', '資訊系', '游景盛'),
('0003', '資訊系', '劉宗杰'),
('0004', '外語系', '李心馨'),
('0005', '資訊系', '洪振偉');

--
-- 傾印資料表的資料 `time`
--

INSERT INTO `time` (`time_id`) VALUES
('1'),
('10'),
('2'),
('3'),
('4'),
('5'),
('6'),
('7'),
('8'),
('9');
-- 新增資料
