USE testdb;

-- 傾印資料表的資料 `department`
--

INSERT INTO `department` (`dept_name`) VALUES
('外語系'),
('資訊系');

--
-- 傾印資料表的資料 `student`
--

INSERT INTO `student` (`sid`, `dept_name`, `sname`, `sgrade`, `password`) VALUES
('D1123794', '資訊系', '楊仁德', '1', 'yangpass'),
('D1149682', '資訊系', '林允勝', '2', 'linpass'),
('D1173566', '資訊系', '蔡耀東', '2', 'tsaipass');

--
-- 傾印資料表的資料 `teacher`
--

INSERT INTO `teacher` (`tid`, `dept_name`, `tname`) VALUES
('0001', '資訊系', '許懷中'),
('0002', '資訊系', '游景盛'),
('0003', '資訊系', '劉宗杰'),
('0004', '外語系', '李心馨'),
('0005', '資訊系', '陳子浩'),
('0006', '資訊系', '蕭景中'),
('0007', '資訊系', '李懷明'),
('0008', '資訊系', '武則天');

--
-- 傾印資料表的資料 `course`
--
INSERT INTO `course` (`course_id`, `tid`, `dept_name`, `cname`, `compulsory`, `cgrade`, `credit`, `capicity`) VALUES
('0001', '0001', '資訊系', '資料庫系統', 1, 2, 10, 70),   -- 必修
('0002', '0002', '資訊系', '機率與統計', 1, 2, 10, 70),   -- 必修
('0003', '0003', '資訊系', '系統程式', 1, 2, 5, 70),     -- 必修
('0004', '0004', '外語系', '大學精進英文', 1, 2, 2, 70), -- 外系
('0005', '0005', '資訊系', '互連網路', 0, 2, 3, 60),     -- 選修
('0006', '0006', '資訊系', '互連網路', 0, 2, 3, 1),      -- 同名，人數滿
('0007', '0007', '資訊系', '程式設計', 1, 1, 3, 60),     -- 不同年級必修
('0008', '0008', '資訊系', 'Python程式設計', 0, 2, 2, 5);-- 衝堂選修(互連網路)
--
--
-- 傾印資料表的資料 `follows`
--

-- INSERT INTO `follows` (`sid`, `course_id`) VALUES
-- ('D1149682', '0001'),
-- ('D1149682', '0002');

--
-- 傾印資料表的資料 `location`
--

INSERT INTO `location` (`loc_name`) VALUES
('人言大樓705'),
('資電大樓104'),
('資電大樓105'),
('資電大樓405'),
('資電大樓406'),
('資電大樓411'),
('資電大樓412'),
('資電大樓413');

--
-- 傾印資料表的資料 `time`
--

INSERT INTO `time` (`time_id`) VALUES
('(一) 1'),
('(一) 2'),
('(一) 3'),
('(一) 4'),
('(一) 5'),
('(一) 6'),
('(一) 7'),
('(一) 8'),
('(一) 9'),
('(二) 1'),
('(二) 2'),
('(二) 3'),
('(二) 4'),
('(二) 5'),
('(二) 6'),
('(二) 7'),
('(二) 8'),
('(二) 9'),
('(三) 1'),
('(三) 2'),
('(三) 3'),
('(三) 4'),
('(三) 5'),
('(三) 6'),
('(三) 7'),
('(三) 8'),
('(三) 9'),
('(四) 1'),
('(四) 2'),
('(四) 3'),
('(四) 4'),
('(四) 5'),
('(四) 6'),
('(四) 7'),
('(四) 8'),
('(四) 9'),
('(五) 1'),
('(五) 2'),
('(五) 3'),
('(五) 4'),
('(五) 5'),
('(五) 6'),
('(五) 7'),
('(五) 8'),
('(五) 9');

--
-- 傾印資料表的資料 `section`
--

INSERT INTO `section` (`sec_id`, `course_id`, `loc_name`, `time_id`) VALUES
('0001', '0001', '資電大樓104', '(一) 1'),
('0002', '0001', '資電大樓104', '(一) 2'),
('0003', '0001', '資電大樓104', '(二) 1'),
('0004', '0002', '資電大樓405', '(一) 6'),
('0005', '0002', '資電大樓405', '(一) 7'),
('0006', '0002', '資電大樓405', '(一) 8'),
('0007', '0003', '資電大樓105', '(一) 9'),
('0008', '0003', '資電大樓105', '(二) 2'),
('0009', '0003', '資電大樓105', '(二) 3'),
('0010', '0004', '人言大樓705', '(二) 4'),
('0011', '0004', '人言大樓705', '(二) 5'),
('0012', '0005', '資電大樓406', '(三) 3'),
('0013', '0005', '資電大樓406', '(三) 4'),
('0014', '0005', '資電大樓406', '(三) 5'),
('0015', '0006', '資電大樓411', '(三) 6'),
('0016', '0006', '資電大樓411', '(三) 7'),
('0017', '0006', '資電大樓411', '(三) 8'),
('0018', '0007', '資電大樓412', '(四) 3'),
('0019', '0007', '資電大樓412', '(四) 4'),
('0020', '0007', '資電大樓412', '(四) 5'),
('0021', '0008', '資電大樓413', '(三) 7'),
('0022', '0008', '資電大樓413', '(三) 8'),
('0023', '0008', '資電大樓413', '(三) 9');

--
-- 傾印資料表的資料 `takes`
--

-- INSERT INTO `takes` (`sid`, `course_id`) VALUES
-- ('D1123794', '0001'),
-- ('D1123794', '0002'),
-- ('D1123794', '0003'),
-- ('D1123794', '0004'),
-- ('D1149682', '0001'),
-- ('D1149682', '0002'),
-- ('D1149682', '0003'),
-- ('D1149682', '0004'),
-- ('D1173566', '0001'),
-- ('D1173566', '0002'),
-- ('D1173566', '0003'),
-- ('D1173566', '0004');
